English,Chinese
Jasmin Jalene Long Sleeve Hoodie,Jasmin Jalene长袖连帽衫
Wauvia Bum Bag,Wauvia Bum Bag
Modular Hem Tank Top,坦克背心
2 Way Satchel,2 Way手提包
Animal Print Longline Triangle Bikini Top,Animal打印Longline Triangle比基尼上装
Vintage Deluxe Cotu Sneakers,Vintage Deluxe Cotu运动鞋
Cotton Bikini Briefs,比基尼内裤
The Tyra Skirt,The Tyra裙子
Elizabeth Wrap Soft Midi Dress,Elizabeth Wrap Soft Midi连衣裙
Odissey Nanaimo Backpack,Odissey Nanaimo后背包
Basic Baseball Cap,基本棒球帽
Flecked Henley T-Shirt,圆领短袖Tee
Monogram Cotton Trunk,Monogram Cotton Trunk
Kara Ruffle Bardot Dress,平口露肩起褶洋装
Rachel Blazer,西装外套
Stand Collar Utlity,Stand Collar Utlity
Workman Small Billfold Wallet,Workman Small Billfold钱包
Mini Wristlet,迷你手拿包
Modular Crsbk Sports Bra,运动胸罩
Odissey Rotterdam Shoulder Bag,Odissey Rotterdam肩背包
Miriliven Backpack,Miriliven后背包
Cloud Cotu Sneakers,Cloud Cotu运动鞋
AOP Fl Leggings,AOP Fl紧身裤
Light Micro Low Rise Trunk,Light Micro Low Rise Trunk
Chrome Handbag,镀铬手提包
Camera Bag,相机包
Qoadith Backpack,Qoadith后背包
Short Sleeve Mix Logo Baby Tee,短袖混色徽标Baby T恤
Monogram Cotton Trunk,Monogram Cotton Trunk
Pure Seamless Boyshorts,Pure无痕运动鞋
Alanya Jacket,Alanya夹克
Bottoms Up Hipster Panties,Bottoms Up Hipster内裤
Bonia Top,Bonia上衣
Mickey28 Cotm Sneakers,Mickey28 Cotm运动鞋
Camera Bag,相机包
Jonna Crossbody Bag,Jonna斜挎包
Glenn Charlie Jeans,Glenn Charlie牛仔裤
Embellished Denim A-Line Skirt,Embellished丹宁A-Line裙子
Agraleria Heeled Shoes,Agraleria Heeled鞋
Boarding Pass Crew Neck Tee,Boarding Pass Crew Neck T恤
Maternity Lenna Long Sleeve Woven Shirt,孕妇装长袖衬衫
Firenze Short Short Sleeve Shirt Dress,短袖衬衫连身裙
Galanty Stripe 7/8 Dress,Galanty条纹7/8连衣裙
Loran Quilt Crossbody Bag,Loran Quilt横包袋
Adaenia Heels,Adaenia高跟鞋
Vanity Dress,V领无袖洋装
A-Satin Monogram Log Tee,A-Satin Monogram Log T恤
Scarlet 3/4 Wrap Calf Dress,圆领七分袖连身裙
Frank Crew Neck Sweater,Frank Crew Neck毛衣
Duo Cardigan,Duo开襟罩衫
Lilly Embroidered Jumper,Lilly刺绣毛衣
Mini Wristlet,迷你手拿包
Slim Denim Joggers,修身丹宁慢跑裤
Side Logo 7/8 Leggings,侧徽标7/8紧身裤
Legalilia Clutch,质感手拿包
Full Zip Hoodie,全拉链连帽衫
Basic Baseball Cap,基本棒球帽
Pure Seamless Bikini Panties,Pure无痕比基尼内裤
Bikini Cotton Panties,比基尼内裤
Sunset Seekers T-Shirt,短袖印花T恤
Cotu Classic Sneakers,Cotu经典运动鞋
The Miami Shorts,短裤
Bonia Top,Bonia上衣
Tape Sweatshorts,弹性抽绳短裤
Modular Splitbk Sports Bra,Modular Splitbk Sports胸罩
Wirelia Clutch,Wirelia手抓包
Cotu Classic Sneakers,Cotu经典运动鞋
Short Sleeve Crew Neck Tee,短袖船领T恤
Distressed Rolled Hem Dungaree,Distressed Rolled Hem Dungaree
Campus Backpack 30,Campus 30后背包
MANGO Man T-Shirt,MANGO Man T恤
Packable Backpack,可折叠后背包
CK Logo Wb Shorts,CK Logo Wb短裤
Cotstampm Sneakers,Cotstampm运动鞋
Short Sleeve Crew Neck,圆领短袖Tee
Cotu Classic Sneakers,Cotu经典运动鞋
Murray Crew Neck Tee,短袖素色T恤
Bardot Dress,平口露肩洋装
Pink Marble Short Sleeve Shirt,大理石纹短袖衬衫
CK Performance Trunk,CK Performance后背包
Light Lined Bralette,Light Lined Bralette
Etecia Clutch,Etecia斜背包
Luxe Thin Strap Midi Dress,Luxe Thin Strap Midi连衣裙
Cotton Bikini Panties,棉比基尼内裤
Giran Crossbody Bag,Giran横包袋
Brievia Loafers,Brievia乐福鞋
Slavia Bandolera Sling Bag,Slavia Bandolera斜背包
Crew Fleece Sweatshirt,Crew Fleece Sweat衬衫
Flecked Henley T-Shirt,圆领短袖Tee
Typical Crew Neck Tee,圆领短袖Tee
Olorema Sandals,Olorema凉鞋
Ckp Bk Bomber Jacket,Ckp Bk Bomber夹克
Mesh Back Short Sleeve Tee,Mesh Back短袖T恤
Zoey Midi Length Rib Tee,Zoey长袖罗纹T恤
Boyshorts Panties,Boyshorts内裤
Pure Seamless Bikini Briefs,无痕比基尼内裤
Cotu Classic Sneakers,Cotu经典运动鞋
Lily 3/4 Long Kimono Cardigan,长版开襟罩衫
Modern Cotton Thong,现代棉夹脚
Modular Openback Sst,Modular Openback Sst
Calvin Klein Skinny Jeans,Calvin Klein窄管牛仔裤
Yberissa Backpack,Yberissa后背包
A-Institution Sweatpants,A-Institution Sweatpants
Long Sleeve Fa Graphic Hoodie,Long Sleeve Fa Graphic连帽衫
A-Instit Organza Log T-Shirt,A-Instit Organza Log T恤
Light Weight Anorak Jacket,轻便Anorak夹克
Camera Bag,相机包
Erika Checkered 3/4 Shirt,Erika格子3/4衬衫
Zoey Midi Length Rib Tee,Zoey长袖罗纹T恤
Hipster Panties,低腰内裤
Cotu Sneakers,Cotu运动鞋
Etecia Clutch,Etecia斜背包
Knit Slim Boxers,针织修身四角裤
Erge Hooded Sweater,Erge连帽毛衣
CK Performance Brief,CK性能内裤
Cloud Cotu Sneakers,Cloud Cotu运动鞋
French Medium Billfold Wallet,对比色拼接长夹
Nursing Jen Long Sleeve Jersey Top,修身长袖衫
Olorema Sandals,Olorema凉鞋
Nightshirt,睡衣
Comfleau Sneakers,Comfleau运动鞋
Bella Rib Boobtube,Bella Rib Boobtube
Paula Dress,Paula连衣裙
Comfleau Sneakers,Comfleau运动鞋
Cotu Classic Sneakers,Cotu经典运动鞋
Denim Pinafore Dress,丹宁吊带裙
Workman Flap Long Fold Wallet,Workman Flap Long Fold钱包
A-Satin Monogram Log Tee,A-Satin Monogram Log T恤
Petite Heart Embroidered Cami Top,Petite Heart Embroidered Cami上衣
Dunia Dress,Dunia连衣裙
Cloud Cotu Sneakers,Cloud Cotu运动鞋
Murray Crew Neck Tee,短袖素色T恤
Mammea Slingbag,Mammea斜背包
Skala Crossbody Bag,Skala斜挎包
Hooded Zip,连帽拉链
Etecia Clutch,Etecia斜背包
Annie Sleeveless Lace Blocking Dress,Annie Sleeveless蕾丝Blocking连衣裙
Hr Logo Mini Skirt,徽标饰短裙
Alexia Saddle Bag,Alexia Saddle Bag
A-Outline Monogram,A-Outline字母组合
Adaenia Heels,Adaenia高跟鞋
Hipster Panties,低腰内裤
Short Sleeve Institut Logo Tee,Short Sleeve Institut Logo T恤
Legalilia Clutch,质感手拿包
A-Outline Monogram,A-Outline字母组合
Mia Sleeveless Lace Dress,Mia无袖蕾丝连衣裙
Boarding Pass Crew Neck Tee,Boarding Pass Crew Neck T恤
Wauvia Bum Bag,Wauvia Bum Bag
Pure Seamless Bikini Briefs,无痕比基尼内裤
Reversible Tote 33.5,Reversible托特包33.5
A-Instit Flower Logo T-Shirt,A-Instit Flower徽标T恤
Waist Pack,腰包
Cotton Stretch Hip Brief 3PK,棉Stretch臀部内裤3PK
Tundra Crossbody Bag,Tundra横包袋
Bikini Cotton Panties,比基尼内裤
Plus Cotu Sneakers,Plus Cotu运动鞋
Dark Amber Rotterdam Shoulder Bag,Dark Amber Rotterdam肩背包
Modern Cotton Multi Trunks 2 Pack,2入四角内裤
City Box Sling Bag,City Box斜背包
Modular Hem Tank Top,坦克背心
Rodas Molina Sling Bag,Rodas Molina斜背包
Printed Shirt,打印衬衫
Modular Knee Leggings,运动紧身裤
Stand Collar Utlity Jacket,Stand Collar Utlity夹克
Girlfriend Denim Jacket,Girlfriend丹宁夹克
Hilobiscus Bum Bag,Hilobiscus Bum Bag
Boyshorts Panties,Boyshorts内裤
A-Institutional Box,A-Institutional Box
CK Logo Short Sleeve Tee,CK徽标短袖T恤
Hipster Panties,低腰内裤
Calvin Klein ID Cotton Hip Brief,Calvin Klein ID棉质臀围内裤
Thin Strap Crop Top,细肩带短版上衣
Long Sleeve Fa Graphic Hoodie,Long Sleeve Fa Graphic连帽衫
Mia Sleeveless Lace Dress,Mia无袖蕾丝连衣裙
Giran Crossbody Bag,Giran横包袋
Vera T-Shirt,短袖印花T恤
Cleanline Trucker Denim Jacket,Cleanline Trucker丹宁夹克
Ally Short Sleeve Dress,Ally Short Sleeve连衣裙
Long Sleeve Fa Graphic Hoodie,Long Sleeve Fa Graphic连帽衫
Nappaleau Sneakers,Nappaleau运动鞋
City Box Satchel Bag,City Box Satchel包
Workman Long Zip Around Wallet,Workman Long Zip Around Wallet
The Tyra Skirt,The Tyra裙子
Rirang Handbag,Rirang手提包
Tape Sweat Shorts,休闲抽绳短裤
Calvin Klein ID Micro Hip Brief,Calvin Klein ID Micro Hip内裤
Seamless Thongs,无痕丁字裤
Campus Backpack 30,Campus 30后背包
A-Outline Monogram,A-Outline字母组合
Tibi Long Sleeve Mesh T-Neck Top,Tibi长袖Mesh T领上衣
Lenanna Backpack,Lenanna后背包
Light Lined Bralette,Light Lined Bralette
Cotton Bikini,比基尼泳装
Reversible Tote 33.5,Reversible托特包33.5
Tundra Crossbody Bag,Tundra横包袋
Mammea Slingbag,Mammea斜背包
Hilobiscus Bum Bag,Hilobiscus Bum Bag
Zipper Tote 29 Bag,拉链托特包
CK Patch Cap,CK补丁帽
Flat Running Waist Pack,Flat Running腰围包
Navy Taping Poly Tricot Joggers,撞色滚边长裤
Billa Cross Over Bag,Billa跨包
Wristlet Shoulder Bag,质感肩背包
Winner Sweat Hoodie,休闲连帽外套
Modern Cotton Multi Trunk 2 Pack,质感印花四角裤组合
A-Satin Monogram Log,A-Satin Monogram Log
Qoadith Backpack,Qoadith后背包
Aerex Century Sneakers,Aerex Century运动鞋
Firenze Short Short Sleeve Shirt Dress,短袖衬衫连身裙
Plus Cotu Sneakers,Plus Cotu运动鞋
Boarding Pass Crew Neck Tee,Boarding Pass Crew Neck T恤
Typical Crew Neck Tee,圆领短袖Tee
Zoe 2/4  Top,Zoe 2/4上衣
Camera Bag,相机包
1928 Cotm Sneakers,1928年Cotm运动鞋
Calvin Klein ID Cotton Trunks,Calvin Klein ID棉质四角内裤
Kelidda Backpack,Kelidda后背包
Cot3Strapu Sneakers,Cot3Strapu运动鞋
Strapless Elastic Waist Jumpsuit,无肩带绑带连身裤
Zoe 2/4  Top,Zoe 2/4上衣
Modular 7/8 Leggings,弹性紧身运动裤
Giran Sling Bag,Giran斜背包
Workman Long Zip Around Wallet,Workman Long Zip Around Wallet
The Miami Shorts,短裤
Brievia Loafers,Brievia乐福鞋
Popper Vest,无袖背心
Zipper Tote 29,拉链托特包29
Modular Hem Sst,Modular Hem Sst
Alada T-Shirt,Alada T恤
Chrome Handbag,镀铬手提包
Kelidda Backpack,Kelidda后背包
CK Logo Short Sleeve Tee,CK徽标短袖T恤
Petite Stripe Duster Jacket,Petite Stripe Duster夹克
Embroidered Bead Detailed Smock Blouse,Embroidered Bead Detailed Smock女衬衫
Skala Crossbody Bag,Skala斜挎包
Plus Cotu Sneakers,Plus Cotu运动鞋
Jasmin Jalene Long Sleeve Hoodie,Jasmin Jalene长袖连帽衫
Typical Crew Neck Tee,圆领短袖Tee
Checked Dress,Checked连衣裙
Mom Authentic High Rise Shorts,高腰抽须牛仔短裤
Campus Backpack 30,Campus 30后背包
Sadie Tote Bag,编织托特包
Jalene Long Sleeve Hoodie,Jalene长袖连帽衫
Yberissa Backpack,Yberissa后背包
Multi Compartment Backpack,Multi Compartment后背包
Customized Stretch Micro Low Rise Trunk,Customized Stretch Micro Low Rise Trunk
Natural Yarn Cardigan,Natural Yarn羊毛衣
CK Patch Cap,CK补丁帽
Modern Cotton Bikini Briefs,比基尼内裤
Ckp Wb Fl Leggings,运动紧身裤
Breracia Flats,Breracia平底鞋
Chrome Handbag,镀铬手提包
Annie Sleeveless Lace Blocking Dress,Annie Sleeveless蕾丝Blocking连衣裙
Cloud Cotu Sneakers,Cloud Cotu运动鞋
Light Lined Triangle Bra,蕾丝内衣三角内裤
Haerraria Wallet,Haerraria钱包
Light Lined Bralette,Light Lined Bralette
The Cali Shorts,The Cali短裤
Bikini Panties,比基尼内裤
Hoodie Cotton Sweatshirt,连帽衫棉运动衫
Jasmin Jalene Long Sleeve Hoodie,Jasmin Jalene长袖连帽衫
Modular Openback Sst,Modular Openback Sst
Cot3Strapu Sneakers,Cot3Strapu运动鞋
Efglu Sneakers,Efglu运动鞋
Reversible Animal Print Striped Bikini Bottom,Reversible Animal打印条纹比基尼底裤
Long Leather Wallet,Long皮革钱包
Drake Roller Pants,Drake Roller裤子
Modern Cotton Bikini,比基尼泳装
Jasmina Lace Bodice Drape Midi Dress,蕾丝镂空洋装
Charlie Tee,Charlie T恤
Erge Hooded Sweater,Erge连帽毛衣
Short Sleeve Institut Logo Tee,Short Sleeve Institut Logo T恤
Short Sleeve New Fa Strght Tee,短袖印花T恤
Wirelia Clutch,Wirelia手抓包
Odissey Yakarta Shoulder Bag,Odissey Yakarta肩背包
Tibi Long Sleeve Mesh T-Neck Top,Tibi长袖Mesh T领上衣
A-Instit Organza Log,A-Instit Organza Log
Cotu Classic Sneakers,Cotu经典运动鞋
Victoria Long Sleeve Long Shirt,Victoria长袖长衬衫
Modern Cotton Thong,现代棉夹脚
Bottoms Up Bikini Panties,Bottoms Up比基尼内裤
Sst W Ckp Bk Panel,Sst W Ckp Bk面板
Monogram Card Case,Monogram卡片表壳
Wirelia Clutch,Wirelia手抓包
Paint Blouse,长袖衬衫
A-Instit Organza Log T-Shirt,A-Instit Organza Log T恤
Lisa Quilt Crossbody Bag,Lisa Quilt横包袋
Haerraria Wallet,Haerraria钱包
Customized Stretch Micro Low Rise Trunks,Customized Stretch Micro Low Rise四角内裤
Nova Lux Wrap Skirt,Nova Lux Wrap裙子
Short Sleeve Institut Logo Tee,Short Sleeve Institut Logo T恤
Cotu Classic Sneakers,Cotu经典运动鞋
CK Patch Cap,CK补丁帽
Cotshirtitalyu Sneakers,Cotshirtitalyu运动鞋
Rcrbk Smls Sports Bra,Rcrbk Smls运动内衣
Paisley Sheer Long Sleeve Shirt,Paisley透视长袖衬衫
Packable Backpack,可折叠后背包
Holm Sweater Jacket,Holm毛衣外套
Efglu Sneakers,Efglu运动鞋
Live Love New Panel Leggings,Live Love New Panel紧身裤
Murray Crew Neck Tee,短袖素色T恤
Customized Stretch Cotton Hip Briefs,Customized Stretch棉Hip内裤
Side Logo 7/8 Leggings,侧徽标7/8紧身裤
Cotu Classic Sneakers,Cotu经典运动鞋
Zoey Midi Length Rib Tee,Zoey长袖罗纹T恤
Bonia Top,Bonia上衣
Workman Double Long Fold Wallet,Workman双Long折长钱包
CK Logo Ss Tee,CK Logo Ss T恤
Boreal Dress,Boreal连衣裙
Push Up Plunge Bra,集中托高内衣
Modular Hem Short Sleeve Tee,Modular下摆短袖T恤
Joanna Foldover Clutch,Joanna Foldover手抓包
Reda Suede Cross Over Bag,麂皮拼接斜背包
Rirang Handbag,Rirang手提包
Reda Suede Cross Over Bag,麂皮拼接斜背包
Mia Sleeveless Lace Dress,Mia无袖蕾丝连衣裙
Aerex Century Sneakers,Aerex Century运动鞋
Mickey Cotm Sneakers,Mickey Cotm运动鞋
Gilmore Weaved Star Scarf,Gilmore Weaved Star围巾
Cotton Stretch Low Rise Trunk 3 Pack,3入弹性低腰四角裤
Workman Medium Trifold Wallet,Workman Medium Trifold钱包
Light Lined Bralette,Light Lined Bralette
Striped Bandeau Top,条纹平口上衣
Pure Seamless Boyshorts,Pure无痕运动鞋
Monogram Card Case,Monogram卡片表壳
Selma 3/4 Collar Dress,Selma 3/4 Collar连衣裙
Vanity T-Shirt,短袖印花T恤
Sst W Ckp Bk Panel Tee,Sst W Ckp Bk Panel T恤
Short Sleeve New Fa Strght Tee,短袖印花T恤
Tape Sweat Shorts,休闲抽绳短裤
Breracia Flats,Breracia平底鞋
Workman Medium Trifold Wallet,Workman Medium Trifold钱包
Zip Backpack,拉链后背包
Tibi Long Sleeve Mesh T-Neck Top,Tibi长袖Mesh T领上衣
A-Satin Monogram Log Tee,A-Satin Monogram Log T恤
Rachel Skirt,Rachel裙子
Bella Rib Boobtube Top,Bella Rib Boobtube上衣
Ckp Wb Fl Leggings,运动紧身裤
Jalene Long Sleeve Hoodie,Jalene长袖连帽衫
Long Sleeve Graphic Cn Sweatshirt,Long Sleeve Graphic Cn运动衫
Light Lined Bralette,Light Lined Bralette
Frill Cami Dress In Mauve Grey,褶饰细肩带洋装
Frank Crew Neck Sweater,Frank Crew Neck毛衣
Bella Rib Boobtube Top,Bella Rib Boobtube上衣
Tanya Daily Bag,Tanya Daily Bag
Etecia Clutch,Etecia斜背包
Ally Short Sleeve Dress,Ally Short Sleeve连衣裙
Leaf-Print Cotton T-Shirt,圆领短袖Tee
Tape Sweatshorts,弹性抽绳短裤
Delilah Swing Dress In White Floral,Delilah Swing连衣裙In白色Floral
CK Logo Wb 7/8 Leggings,CK Logo Wb 7/8紧身裤
The South Beach Jogger Shorts,The South Beach Jogger短裤
Multi Compartment Backpack,Multi Compartment后背包
City Box Sling Bag,City Box斜背包
Sand Narit Shoulder Bag,Sand Narit肩背包
Hilobiscus Bum Bag,Hilobiscus Bum Bag
Long Sleeve Fitted Rib Top,长袖罗纹上衣
Wezn Backpack,Wezn后背包
Flecked Henley T-Shirt,圆领短袖Tee
Luxe Thin Strap Midi Dress,Luxe Thin Strap Midi连衣裙
Wally Field Schaket,Wally Field Schaket
Winner Sweat Hoodie,休闲连帽外套
Holm Sweater Jacket,Holm毛衣外套
Studio Bucket Bag,Studio水桶包
Galanty Stripe 7/8 Dress,Galanty条纹7/8连衣裙
Sadie Tote,Sadie托特包
Long Sleeve Fitted Rib Top,长袖罗纹上衣
Charlie Tee,Charlie T恤
Workman Long Zip Around Wallet,Workman Long Zip Around Wallet
Sumatra Blouse,Sumatra衬衫
Adj Straps Smls Sports Bra,运动胸罩
Knit Slim Boxers,针织修身四角裤
Boarding Pass Crew Neck Tee,Boarding Pass Crew Neck T恤
Basic Baseball Cap,基本棒球帽
Lenanna Backpack,Lenanna后背包
Cloud Cotu Sneakers,Cloud Cotu运动鞋

